"count","url"
"290","https://cdn2.editmysite.com/js/lang/en/stl.js?buildTime=1234&"
"290","https://cdn2.editmysite.com/fonts/Raleway/font.css?2"
"145","https://cdn2.editmysite.com/fonts/Montserrat/font.css?2"
"145","https://cdn11.editmysite.com/css/old/fancybox.css?buildtime=1234"
"145","https://cdn11.editmysite.com/js/site/main-customer-accounts-site.js?buildtime=1234"
"145","https://cdn2.editmysite.com/fonts/Gentium_Basic/font.css?2"
"145","https://cdn11.editmysite.com/css/sites.css?buildtime=1234"
"145","https://cdn11.editmysite.com/js/site/main.js?buildtime=1234"
"145","https://cdn2.editmysite.com/fonts/EB_Garamond/font.css?2"
"145","https://cdn2.editmysite.com/fonts/Playfair_Display/font.css?2"
"145","https://cdn11.editmysite.com/js/jquery-1.8.3.min.js"
"145","https://cdn11.editmysite.com/css/social-icons.css?buildtime=1234"
"145","https://cdn2.editmysite.com/fonts/Lora/font.css?2"
"145","files/theme/plugins.js"
"145","files/theme/custom.js"
"145","files/main_style.css?1771702559"
"145","files/theme/mobile.js"
"40","https://storage.ko-fi.com/cdn/scripts/overlay-widget.js"
"11","gdpr/gdprscript.js?buildTime=1234"
"1","https://cdn11.editmysite.com/js/old/slideshow-jq.js?buildtime=1234"
"1","https://cdn11.editmysite.com/css/old/slideshow/slideshow.css?buildtime=1234"
"1","path/to/particles.min.js"
