"external_url","local_url","local_path","downloaded"
"https://cdn11.editmysite.com/css/old/fancybox.css?buildtime=1234","/assets/vendor/editmysite/cdn11.editmysite.com/css/old/fancybox.css","site-src/static/assets/vendor/editmysite/cdn11.editmysite.com/css/old/fancybox.css","True"
"https://cdn11.editmysite.com/css/old/slideshow/slideshow.css?buildtime=1234","/assets/vendor/editmysite/cdn11.editmysite.com/css/old/slideshow/slideshow.css","site-src/static/assets/vendor/editmysite/cdn11.editmysite.com/css/old/slideshow/slideshow.css","True"
"https://cdn11.editmysite.com/css/sites.css?buildtime=1234","/assets/vendor/editmysite/cdn11.editmysite.com/css/sites.css","site-src/static/assets/vendor/editmysite/cdn11.editmysite.com/css/sites.css","True"
"https://cdn11.editmysite.com/css/sites.css?buildtime=1234#","/assets/vendor/editmysite/cdn11.editmysite.com/css/sites.css","site-src/static/assets/vendor/editmysite/cdn11.editmysite.com/css/sites.css","True"
"https://cdn11.editmysite.com/css/social-icons.css?buildtime=1234","/assets/vendor/editmysite/cdn11.editmysite.com/css/social-icons.css","site-src/static/assets/vendor/editmysite/cdn11.editmysite.com/css/social-icons.css","True"
"https://cdn11.editmysite.com/fonts/Proxima-Light/267447_4_0.eot?123597#iefix","/assets/vendor/editmysite/cdn11.editmysite.com/fonts/Proxima-Light/267447_4_0.eot","site-src/static/assets/vendor/editmysite/cdn11.editmysite.com/fonts/Proxima-Light/267447_4_0.eot","True"
"https://cdn11.editmysite.com/fonts/Proxima-Light/267447_4_0.eot?321123597","/assets/vendor/editmysite/cdn11.editmysite.com/fonts/Proxima-Light/267447_4_0.eot","site-src/static/assets/vendor/editmysite/cdn11.editmysite.com/fonts/Proxima-Light/267447_4_0.eot","True"
"https://cdn11.editmysite.com/fonts/Proxima-Light/267447_4_0.ttf?123597","/assets/vendor/editmysite/cdn11.editmysite.com/fonts/Proxima-Light/267447_4_0.ttf","site-src/static/assets/vendor/editmysite/cdn11.editmysite.com/fonts/Proxima-Light/267447_4_0.ttf","True"
"https://cdn11.editmysite.com/fonts/Proxima-Light/267447_4_0.woff?123597","/assets/vendor/editmysite/cdn11.editmysite.com/fonts/Proxima-Light/267447_4_0.woff","site-src/static/assets/vendor/editmysite/cdn11.editmysite.com/fonts/Proxima-Light/267447_4_0.woff","True"
"https://cdn11.editmysite.com/fonts/Proxima-Semibold/267447_5_0.eot?#iefix123597","/assets/vendor/editmysite/cdn11.editmysite.com/fonts/Proxima-Semibold/267447_5_0.eot","site-src/static/assets/vendor/editmysite/cdn11.editmysite.com/fonts/Proxima-Semibold/267447_5_0.eot","True"
"https://cdn11.editmysite.com/fonts/Proxima-Semibold/267447_5_0.eot?123597","/assets/vendor/editmysite/cdn11.editmysite.com/fonts/Proxima-Semibold/267447_5_0.eot","site-src/static/assets/vendor/editmysite/cdn11.editmysite.com/fonts/Proxima-Semibold/267447_5_0.eot","True"
"https://cdn11.editmysite.com/fonts/Proxima-Semibold/267447_5_0.ttf?123597","/assets/vendor/editmysite/cdn11.editmysite.com/fonts/Proxima-Semibold/267447_5_0.ttf","site-src/static/assets/vendor/editmysite/cdn11.editmysite.com/fonts/Proxima-Semibold/267447_5_0.ttf","True"
"https://cdn11.editmysite.com/fonts/Proxima-Semibold/267447_5_0.woff?123597","/assets/vendor/editmysite/cdn11.editmysite.com/fonts/Proxima-Semibold/267447_5_0.woff","site-src/static/assets/vendor/editmysite/cdn11.editmysite.com/fonts/Proxima-Semibold/267447_5_0.woff","True"
"https://cdn11.editmysite.com/images/blank.gif","/assets/vendor/editmysite/cdn11.editmysite.com/images/blank.gif","site-src/static/assets/vendor/editmysite/cdn11.editmysite.com/images/blank.gif","True"
"https://cdn11.editmysite.com/images/common/blog/blog-comment-button.png","/assets/vendor/editmysite/cdn11.editmysite.com/images/common/blog/blog-comment-button.png","site-src/static/assets/vendor/editmysite/cdn11.editmysite.com/images/common/blog/blog-comment-button.png","True"
"https://cdn11.editmysite.com/images/common/blog/blog-comment-field-bg.png","/assets/vendor/editmysite/cdn11.editmysite.com/images/common/blog/blog-comment-field-bg.png","site-src/static/assets/vendor/editmysite/cdn11.editmysite.com/images/common/blog/blog-comment-field-bg.png","True"
"https://cdn11.editmysite.com/images/common/blog/blog-comment-header.png","/assets/vendor/editmysite/cdn11.editmysite.com/images/common/blog/blog-comment-header.png","site-src/static/assets/vendor/editmysite/cdn11.editmysite.com/images/common/blog/blog-comment-header.png","True"
"https://cdn11.editmysite.com/images/common/blog/blog-comment-header-author.png","/assets/vendor/editmysite/cdn11.editmysite.com/images/common/blog/blog-comment-header-author.png","site-src/static/assets/vendor/editmysite/cdn11.editmysite.com/images/common/blog/blog-comment-header-author.png","True"
"https://cdn11.editmysite.com/images/common/blog/blog-comment-link.png","/assets/vendor/editmysite/cdn11.editmysite.com/images/common/blog/blog-comment-link.png","site-src/static/assets/vendor/editmysite/cdn11.editmysite.com/images/common/blog/blog-comment-link.png","True"
"https://cdn11.editmysite.com/images/common/blog/blog-comment-pointer.png","/assets/vendor/editmysite/cdn11.editmysite.com/images/common/blog/blog-comment-pointer.png","site-src/static/assets/vendor/editmysite/cdn11.editmysite.com/images/common/blog/blog-comment-pointer.png","True"
"https://cdn11.editmysite.com/images/common/blog/blog-comment-pointer-author.png","/assets/vendor/editmysite/cdn11.editmysite.com/images/common/blog/blog-comment-pointer-author.png","site-src/static/assets/vendor/editmysite/cdn11.editmysite.com/images/common/blog/blog-comment-pointer-author.png","True"
"https://cdn11.editmysite.com/images/common/blog/dark-blog-comment-header.png","/assets/vendor/editmysite/cdn11.editmysite.com/images/common/blog/dark-blog-comment-header.png","site-src/static/assets/vendor/editmysite/cdn11.editmysite.com/images/common/blog/dark-blog-comment-header.png","True"
"https://cdn11.editmysite.com/images/common/blog/dark-blog-comment-header-author.png","/assets/vendor/editmysite/cdn11.editmysite.com/images/common/blog/dark-blog-comment-header-author.png","site-src/static/assets/vendor/editmysite/cdn11.editmysite.com/images/common/blog/dark-blog-comment-header-author.png","True"
"https://cdn11.editmysite.com/images/common/blog/dark-blog-comment-link.png","/assets/vendor/editmysite/cdn11.editmysite.com/images/common/blog/dark-blog-comment-link.png","site-src/static/assets/vendor/editmysite/cdn11.editmysite.com/images/common/blog/dark-blog-comment-link.png","True"
"https://cdn11.editmysite.com/images/common/blog/dark-blog-comment-pointer.png","/assets/vendor/editmysite/cdn11.editmysite.com/images/common/blog/dark-blog-comment-pointer.png","site-src/static/assets/vendor/editmysite/cdn11.editmysite.com/images/common/blog/dark-blog-comment-pointer.png","True"
"https://cdn11.editmysite.com/images/common/blog/dark-blog-comment-pointer-author.png","/assets/vendor/editmysite/cdn11.editmysite.com/images/common/blog/dark-blog-comment-pointer-author.png","site-src/static/assets/vendor/editmysite/cdn11.editmysite.com/images/common/blog/dark-blog-comment-pointer-author.png","True"
"https://cdn11.editmysite.com/images/common/buttons/large_blue.png","/assets/vendor/editmysite/cdn11.editmysite.com/images/common/buttons/large_blue.png","site-src/static/assets/vendor/editmysite/cdn11.editmysite.com/images/common/buttons/large_blue.png","True"
"https://cdn11.editmysite.com/images/common/buttons/small_blue.png","/assets/vendor/editmysite/cdn11.editmysite.com/images/common/buttons/small_blue.png","site-src/static/assets/vendor/editmysite/cdn11.editmysite.com/images/common/buttons/small_blue.png","True"
"https://cdn11.editmysite.com/images/common/buttons/small_grey.png","/assets/vendor/editmysite/cdn11.editmysite.com/images/common/buttons/small_grey.png","site-src/static/assets/vendor/editmysite/cdn11.editmysite.com/images/common/buttons/small_grey.png","True"
"https://cdn11.editmysite.com/images/common/checkmarks/@2x/checkmark-mini.png","/assets/vendor/editmysite/cdn11.editmysite.com/images/common/checkmarks/@2x/checkmark-mini.png","site-src/static/assets/vendor/editmysite/cdn11.editmysite.com/images/common/checkmarks/@2x/checkmark-mini.png","True"
"https://cdn11.editmysite.com/images/common/checkmarks/checkmark-mini.png","/assets/vendor/editmysite/cdn11.editmysite.com/images/common/checkmarks/checkmark-mini.png","site-src/static/assets/vendor/editmysite/cdn11.editmysite.com/images/common/checkmarks/checkmark-mini.png","True"
"https://cdn11.editmysite.com/images/common/form_input_bg.gif","/assets/vendor/editmysite/cdn11.editmysite.com/images/common/form_input_bg.gif","site-src/static/assets/vendor/editmysite/cdn11.editmysite.com/images/common/form_input_bg.gif","True"
"https://cdn11.editmysite.com/images/common/lightbox/nextlabel.gif","/assets/vendor/editmysite/cdn11.editmysite.com/images/common/lightbox/nextlabel.gif","site-src/static/assets/vendor/editmysite/cdn11.editmysite.com/images/common/lightbox/nextlabel.gif","True"
"https://cdn11.editmysite.com/images/common/lightbox/prevlabel.gif","/assets/vendor/editmysite/cdn11.editmysite.com/images/common/lightbox/prevlabel.gif","site-src/static/assets/vendor/editmysite/cdn11.editmysite.com/images/common/lightbox/prevlabel.gif","True"
"https://cdn11.editmysite.com/images/common/magnifying-glass.png","/assets/vendor/editmysite/cdn11.editmysite.com/images/common/magnifying-glass.png","site-src/static/assets/vendor/editmysite/cdn11.editmysite.com/images/common/magnifying-glass.png","True"
"https://cdn11.editmysite.com/images/common/search-light.png","/assets/vendor/editmysite/cdn11.editmysite.com/images/common/search-light.png","site-src/static/assets/vendor/editmysite/cdn11.editmysite.com/images/common/search-light.png","True"
"https://cdn11.editmysite.com/images/common/search-pagination-bg.png","/assets/vendor/editmysite/cdn11.editmysite.com/images/common/search-pagination-bg.png","site-src/static/assets/vendor/editmysite/cdn11.editmysite.com/images/common/search-pagination-bg.png","True"
"https://cdn11.editmysite.com/images/common/social_icons.png","/assets/vendor/editmysite/cdn11.editmysite.com/images/common/social_icons.png","site-src/static/assets/vendor/editmysite/cdn11.editmysite.com/images/common/social_icons.png","True"
"https://cdn11.editmysite.com/images/loading.gif","/assets/vendor/editmysite/cdn11.editmysite.com/images/loading.gif","site-src/static/assets/vendor/editmysite/cdn11.editmysite.com/images/loading.gif","True"
"https://cdn11.editmysite.com/images/old/button/large_grey.png","/assets/vendor/editmysite/cdn11.editmysite.com/images/old/button/large_grey.png","site-src/static/assets/vendor/editmysite/cdn11.editmysite.com/images/old/button/large_grey.png","True"
"https://cdn11.editmysite.com/images/old/fancybox/blank.gif","/assets/vendor/editmysite/cdn11.editmysite.com/images/old/fancybox/blank.gif","site-src/static/assets/vendor/editmysite/cdn11.editmysite.com/images/old/fancybox/blank.gif","True"
"https://cdn11.editmysite.com/images/old/fancybox/fancybox_loading.gif","/assets/vendor/editmysite/cdn11.editmysite.com/images/old/fancybox/fancybox_loading.gif","site-src/static/assets/vendor/editmysite/cdn11.editmysite.com/images/old/fancybox/fancybox_loading.gif","True"
"https://cdn11.editmysite.com/images/old/fancybox/fancybox_overlay.png","/assets/vendor/editmysite/cdn11.editmysite.com/images/old/fancybox/fancybox_overlay.png","site-src/static/assets/vendor/editmysite/cdn11.editmysite.com/images/old/fancybox/fancybox_overlay.png","True"
"https://cdn11.editmysite.com/images/old/fancybox/fancybox_sprite.png","/assets/vendor/editmysite/cdn11.editmysite.com/images/old/fancybox/fancybox_sprite.png","site-src/static/assets/vendor/editmysite/cdn11.editmysite.com/images/old/fancybox/fancybox_sprite.png","True"
"https://cdn11.editmysite.com/images/old/loading.gif","/assets/vendor/editmysite/cdn11.editmysite.com/images/old/loading.gif","site-src/static/assets/vendor/editmysite/cdn11.editmysite.com/images/old/loading.gif","True"
"https://cdn11.editmysite.com/images/old/photoswipe/error.gif","/assets/vendor/editmysite/cdn11.editmysite.com/images/old/photoswipe/error.gif","site-src/static/assets/vendor/editmysite/cdn11.editmysite.com/images/old/photoswipe/error.gif","True"
"https://cdn11.editmysite.com/images/old/photoswipe/icons.png","/assets/vendor/editmysite/cdn11.editmysite.com/images/old/photoswipe/icons.png","site-src/static/assets/vendor/editmysite/cdn11.editmysite.com/images/old/photoswipe/icons.png","True"
"https://cdn11.editmysite.com/images/old/photoswipe/icons@2x.png","/assets/vendor/editmysite/cdn11.editmysite.com/images/old/photoswipe/icons@2x.png","site-src/static/assets/vendor/editmysite/cdn11.editmysite.com/images/old/photoswipe/icons@2x.png","True"
"https://cdn11.editmysite.com/images/old/photoswipe/loader.gif","/assets/vendor/editmysite/cdn11.editmysite.com/images/old/photoswipe/loader.gif","site-src/static/assets/vendor/editmysite/cdn11.editmysite.com/images/old/photoswipe/loader.gif","True"
"https://cdn11.editmysite.com/images/old/slideshow/control_icons.gif","/assets/vendor/editmysite/cdn11.editmysite.com/images/old/slideshow/control_icons.gif","site-src/static/assets/vendor/editmysite/cdn11.editmysite.com/images/old/slideshow/control_icons.gif","True"
"https://cdn11.editmysite.com/images/old/slideshow/header_slideshow_sprites.png","/assets/vendor/editmysite/cdn11.editmysite.com/images/old/slideshow/header_slideshow_sprites.png","site-src/static/assets/vendor/editmysite/cdn11.editmysite.com/images/old/slideshow/header_slideshow_sprites.png","True"
"https://cdn11.editmysite.com/images/old/slideshow/header_slideshow_sprites1x.png","/assets/vendor/editmysite/cdn11.editmysite.com/images/old/slideshow/header_slideshow_sprites1x.png","site-src/static/assets/vendor/editmysite/cdn11.editmysite.com/images/old/slideshow/header_slideshow_sprites1x.png","True"
"https://cdn11.editmysite.com/images/site/checkout/@2x/credit-cards.png","/assets/vendor/editmysite/cdn11.editmysite.com/images/site/checkout/@2x/credit-cards.png","site-src/static/assets/vendor/editmysite/cdn11.editmysite.com/images/site/checkout/@2x/credit-cards.png","True"
"https://cdn11.editmysite.com/images/site/checkout/@2x/paypal.png","/assets/vendor/editmysite/cdn11.editmysite.com/images/site/checkout/@2x/paypal.png","site-src/static/assets/vendor/editmysite/cdn11.editmysite.com/images/site/checkout/@2x/paypal.png","True"
"https://cdn11.editmysite.com/images/site/checkout/credit-cards.png","/assets/vendor/editmysite/cdn11.editmysite.com/images/site/checkout/credit-cards.png","site-src/static/assets/vendor/editmysite/cdn11.editmysite.com/images/site/checkout/credit-cards.png","True"
"https://cdn11.editmysite.com/images/site/checkout/paypal.png","/assets/vendor/editmysite/cdn11.editmysite.com/images/site/checkout/paypal.png","site-src/static/assets/vendor/editmysite/cdn11.editmysite.com/images/site/checkout/paypal.png","True"
"https://cdn11.editmysite.com/images/site/checkout/print.png","/assets/vendor/editmysite/cdn11.editmysite.com/images/site/checkout/print.png","site-src/static/assets/vendor/editmysite/cdn11.editmysite.com/images/site/checkout/print.png","True"
"https://cdn11.editmysite.com/images/site/checkout/print@2x.png","/assets/vendor/editmysite/cdn11.editmysite.com/images/site/checkout/print@2x.png","site-src/static/assets/vendor/editmysite/cdn11.editmysite.com/images/site/checkout/print@2x.png","True"
"https://cdn11.editmysite.com/images/util/general/blank.gif","/assets/vendor/editmysite/cdn11.editmysite.com/images/util/general/blank.gif","site-src/static/assets/vendor/editmysite/cdn11.editmysite.com/images/util/general/blank.gif","True"
"https://cdn11.editmysite.com/images/util/general/bottom-triangle-000.png","/assets/vendor/editmysite/cdn11.editmysite.com/images/util/general/bottom-triangle-000.png","site-src/static/assets/vendor/editmysite/cdn11.editmysite.com/images/util/general/bottom-triangle-000.png","True"
"https://cdn11.editmysite.com/images/util/general/bottom-triangle-000@2x.png","/assets/vendor/editmysite/cdn11.editmysite.com/images/util/general/bottom-triangle-000@2x.png","site-src/static/assets/vendor/editmysite/cdn11.editmysite.com/images/util/general/bottom-triangle-000@2x.png","True"
"https://cdn11.editmysite.com/images/util/general/top-triangle-000.png","/assets/vendor/editmysite/cdn11.editmysite.com/images/util/general/top-triangle-000.png","site-src/static/assets/vendor/editmysite/cdn11.editmysite.com/images/util/general/top-triangle-000.png","True"
"https://cdn11.editmysite.com/images/util/general/top-triangle-000@2x.png","/assets/vendor/editmysite/cdn11.editmysite.com/images/util/general/top-triangle-000@2x.png","site-src/static/assets/vendor/editmysite/cdn11.editmysite.com/images/util/general/top-triangle-000@2x.png","True"
"https://cdn11.editmysite.com/images/util/inputs/search-input-bg.jpg","/assets/vendor/editmysite/cdn11.editmysite.com/images/util/inputs/search-input-bg.jpg","site-src/static/assets/vendor/editmysite/cdn11.editmysite.com/images/util/inputs/search-input-bg.jpg","True"
"https://cdn11.editmysite.com/images/util/loading-white-w24.gif","/assets/vendor/editmysite/cdn11.editmysite.com/images/util/loading-white-w24.gif","site-src/static/assets/vendor/editmysite/cdn11.editmysite.com/images/util/loading-white-w24.gif","True"
"https://cdn11.editmysite.com/images/util/spinner/spinner-dark.png","/assets/vendor/editmysite/cdn11.editmysite.com/images/util/spinner/spinner-dark.png","site-src/static/assets/vendor/editmysite/cdn11.editmysite.com/images/util/spinner/spinner-dark.png","True"
"https://cdn11.editmysite.com/images/util/spinner/spinner-light.png","/assets/vendor/editmysite/cdn11.editmysite.com/images/util/spinner/spinner-light.png","site-src/static/assets/vendor/editmysite/cdn11.editmysite.com/images/util/spinner/spinner-light.png","True"
"https://cdn11.editmysite.com/images/util/videojs/@2x/blue-bar.png","/assets/vendor/editmysite/cdn11.editmysite.com/images/util/videojs/@2x/blue-bar.png","site-src/static/assets/vendor/editmysite/cdn11.editmysite.com/images/util/videojs/@2x/blue-bar.png","True"
"https://cdn11.editmysite.com/images/util/videojs/@2x/gradient.png","/assets/vendor/editmysite/cdn11.editmysite.com/images/util/videojs/@2x/gradient.png","site-src/static/assets/vendor/editmysite/cdn11.editmysite.com/images/util/videojs/@2x/gradient.png","True"
"https://cdn11.editmysite.com/images/util/videojs/@2x/loading-icon.png","/assets/vendor/editmysite/cdn11.editmysite.com/images/util/videojs/@2x/loading-icon.png","site-src/static/assets/vendor/editmysite/cdn11.editmysite.com/images/util/videojs/@2x/loading-icon.png","True"
"https://cdn11.editmysite.com/images/util/videojs/@2x/maximize-icon.png","/assets/vendor/editmysite/cdn11.editmysite.com/images/util/videojs/@2x/maximize-icon.png","site-src/static/assets/vendor/editmysite/cdn11.editmysite.com/images/util/videojs/@2x/maximize-icon.png","True"
"https://cdn11.editmysite.com/images/util/videojs/@2x/minimize-icon.png","/assets/vendor/editmysite/cdn11.editmysite.com/images/util/videojs/@2x/minimize-icon.png","site-src/static/assets/vendor/editmysite/cdn11.editmysite.com/images/util/videojs/@2x/minimize-icon.png","True"
"https://cdn11.editmysite.com/images/util/videojs/@2x/play-icon.png","/assets/vendor/editmysite/cdn11.editmysite.com/images/util/videojs/@2x/play-icon.png","site-src/static/assets/vendor/editmysite/cdn11.editmysite.com/images/util/videojs/@2x/play-icon.png","True"
"https://cdn11.editmysite.com/images/util/videojs/@2x/sad-face.png","/assets/vendor/editmysite/cdn11.editmysite.com/images/util/videojs/@2x/sad-face.png","site-src/static/assets/vendor/editmysite/cdn11.editmysite.com/images/util/videojs/@2x/sad-face.png","True"
"https://cdn11.editmysite.com/images/util/videojs/@2x/volume-filled.png","/assets/vendor/editmysite/cdn11.editmysite.com/images/util/videojs/@2x/volume-filled.png","site-src/static/assets/vendor/editmysite/cdn11.editmysite.com/images/util/videojs/@2x/volume-filled.png","True"
"https://cdn11.editmysite.com/images/util/videojs/@2x/volume-mute.png","/assets/vendor/editmysite/cdn11.editmysite.com/images/util/videojs/@2x/volume-mute.png","site-src/static/assets/vendor/editmysite/cdn11.editmysite.com/images/util/videojs/@2x/volume-mute.png","True"
"https://cdn11.editmysite.com/images/util/videojs/@2x/white-bar.png","/assets/vendor/editmysite/cdn11.editmysite.com/images/util/videojs/@2x/white-bar.png","site-src/static/assets/vendor/editmysite/cdn11.editmysite.com/images/util/videojs/@2x/white-bar.png","True"
"https://cdn11.editmysite.com/images/util/videojs/blue-bar.png","/assets/vendor/editmysite/cdn11.editmysite.com/images/util/videojs/blue-bar.png","site-src/static/assets/vendor/editmysite/cdn11.editmysite.com/images/util/videojs/blue-bar.png","True"
"https://cdn11.editmysite.com/images/util/videojs/gradient.png","/assets/vendor/editmysite/cdn11.editmysite.com/images/util/videojs/gradient.png","site-src/static/assets/vendor/editmysite/cdn11.editmysite.com/images/util/videojs/gradient.png","True"
"https://cdn11.editmysite.com/images/util/videojs/loading-icon.png","/assets/vendor/editmysite/cdn11.editmysite.com/images/util/videojs/loading-icon.png","site-src/static/assets/vendor/editmysite/cdn11.editmysite.com/images/util/videojs/loading-icon.png","True"
"https://cdn11.editmysite.com/images/util/videojs/maximize-icon.png","/assets/vendor/editmysite/cdn11.editmysite.com/images/util/videojs/maximize-icon.png","site-src/static/assets/vendor/editmysite/cdn11.editmysite.com/images/util/videojs/maximize-icon.png","True"
"https://cdn11.editmysite.com/images/util/videojs/minimize-icon.png","/assets/vendor/editmysite/cdn11.editmysite.com/images/util/videojs/minimize-icon.png","site-src/static/assets/vendor/editmysite/cdn11.editmysite.com/images/util/videojs/minimize-icon.png","True"
"https://cdn11.editmysite.com/images/util/videojs/play-icon.png","/assets/vendor/editmysite/cdn11.editmysite.com/images/util/videojs/play-icon.png","site-src/static/assets/vendor/editmysite/cdn11.editmysite.com/images/util/videojs/play-icon.png","True"
"https://cdn11.editmysite.com/images/util/videojs/sad-face.png","/assets/vendor/editmysite/cdn11.editmysite.com/images/util/videojs/sad-face.png","site-src/static/assets/vendor/editmysite/cdn11.editmysite.com/images/util/videojs/sad-face.png","True"
"https://cdn11.editmysite.com/images/util/videojs/volume-filled.png","/assets/vendor/editmysite/cdn11.editmysite.com/images/util/videojs/volume-filled.png","site-src/static/assets/vendor/editmysite/cdn11.editmysite.com/images/util/videojs/volume-filled.png","True"
"https://cdn11.editmysite.com/images/util/videojs/volume-mute.png","/assets/vendor/editmysite/cdn11.editmysite.com/images/util/videojs/volume-mute.png","site-src/static/assets/vendor/editmysite/cdn11.editmysite.com/images/util/videojs/volume-mute.png","True"
"https://cdn11.editmysite.com/images/util/videojs/white-bar.png","/assets/vendor/editmysite/cdn11.editmysite.com/images/util/videojs/white-bar.png","site-src/static/assets/vendor/editmysite/cdn11.editmysite.com/images/util/videojs/white-bar.png","True"
"https://cdn11.editmysite.com/images/vendor/select2/select2.png","/assets/vendor/editmysite/cdn11.editmysite.com/images/vendor/select2/select2.png","site-src/static/assets/vendor/editmysite/cdn11.editmysite.com/images/vendor/select2/select2.png","True"
"https://cdn11.editmysite.com/images/vendor/select2/select2-spinner.gif","/assets/vendor/editmysite/cdn11.editmysite.com/images/vendor/select2/select2-spinner.gif","site-src/static/assets/vendor/editmysite/cdn11.editmysite.com/images/vendor/select2/select2-spinner.gif","True"
"https://cdn11.editmysite.com/images/vendor/select2/select2x2.png","/assets/vendor/editmysite/cdn11.editmysite.com/images/vendor/select2/select2x2.png","site-src/static/assets/vendor/editmysite/cdn11.editmysite.com/images/vendor/select2/select2x2.png","True"
"https://cdn11.editmysite.com/js/jquery-1.8.3.min.js","/assets/vendor/editmysite/cdn11.editmysite.com/js/jquery-1.8.3.min.js","site-src/static/assets/vendor/editmysite/cdn11.editmysite.com/js/jquery-1.8.3.min.js","True"
"https://cdn11.editmysite.com/js/old/slideshow-jq.js?buildtime=1234","/assets/vendor/editmysite/cdn11.editmysite.com/js/old/slideshow-jq.js","site-src/static/assets/vendor/editmysite/cdn11.editmysite.com/js/old/slideshow-jq.js","True"
"https://cdn11.editmysite.com/js/site/main.js?buildtime=1234","/assets/vendor/editmysite/cdn11.editmysite.com/js/site/main.js","site-src/static/assets/vendor/editmysite/cdn11.editmysite.com/js/site/main.js","True"
"https://cdn11.editmysite.com/js/site/main-customer-accounts-site.js?buildtime=1234","/assets/vendor/editmysite/cdn11.editmysite.com/js/site/main-customer-accounts-site.js","site-src/static/assets/vendor/editmysite/cdn11.editmysite.com/js/site/main-customer-accounts-site.js","True"
"https://cdn11.editmysite.com/sprites/common/social-icons/@2x-s0ae7d70c70.png","/assets/vendor/editmysite/cdn11.editmysite.com/sprites/common/social-icons/@2x-s0ae7d70c70.png","site-src/static/assets/vendor/editmysite/cdn11.editmysite.com/sprites/common/social-icons/@2x-s0ae7d70c70.png","True"
"https://cdn11.editmysite.com/sprites/common/social-icons-s5ea5500bdb.png","/assets/vendor/editmysite/cdn11.editmysite.com/sprites/common/social-icons-s5ea5500bdb.png","site-src/static/assets/vendor/editmysite/cdn11.editmysite.com/sprites/common/social-icons-s5ea5500bdb.png","True"
"https://cdn11.editmysite.com/sprites/site/forms/@2x-s47607b315a.png","/assets/vendor/editmysite/cdn11.editmysite.com/sprites/site/forms/@2x-s47607b315a.png","site-src/static/assets/vendor/editmysite/cdn11.editmysite.com/sprites/site/forms/@2x-s47607b315a.png","True"
"https://cdn11.editmysite.com/sprites/site/forms-s3786257308.png","/assets/vendor/editmysite/cdn11.editmysite.com/sprites/site/forms-s3786257308.png","site-src/static/assets/vendor/editmysite/cdn11.editmysite.com/sprites/site/forms-s3786257308.png","True"
"https://cdn11.editmysite.com/sprites/site/mini-cart/@2x-s576cbc3f90.png","/assets/vendor/editmysite/cdn11.editmysite.com/sprites/site/mini-cart/@2x-s576cbc3f90.png","site-src/static/assets/vendor/editmysite/cdn11.editmysite.com/sprites/site/mini-cart/@2x-s576cbc3f90.png","True"
"https://cdn11.editmysite.com/sprites/site/mini-cart-s86c48effae.png","/assets/vendor/editmysite/cdn11.editmysite.com/sprites/site/mini-cart-s86c48effae.png","site-src/static/assets/vendor/editmysite/cdn11.editmysite.com/sprites/site/mini-cart-s86c48effae.png","True"
"https://cdn11.editmysite.com/sprites/site/mobile/commerce/@2x-s82f968c453.png","/assets/vendor/editmysite/cdn11.editmysite.com/sprites/site/mobile/commerce/@2x-s82f968c453.png","site-src/static/assets/vendor/editmysite/cdn11.editmysite.com/sprites/site/mobile/commerce/@2x-s82f968c453.png","True"
"https://cdn11.editmysite.com/sprites/site/mobile/commerce-sdf6d4e852c.png","/assets/vendor/editmysite/cdn11.editmysite.com/sprites/site/mobile/commerce-sdf6d4e852c.png","site-src/static/assets/vendor/editmysite/cdn11.editmysite.com/sprites/site/mobile/commerce-sdf6d4e852c.png","True"
"https://cdn11.editmysite.com/sprites/util/inputs/checkmarkBox/@2x-s211a47d318.png","/assets/vendor/editmysite/cdn11.editmysite.com/sprites/util/inputs/checkmarkBox/@2x-s211a47d318.png","site-src/static/assets/vendor/editmysite/cdn11.editmysite.com/sprites/util/inputs/checkmarkBox/@2x-s211a47d318.png","True"
"https://cdn11.editmysite.com/sprites/util/inputs/checkmarkBox-s7868418152.png","/assets/vendor/editmysite/cdn11.editmysite.com/sprites/util/inputs/checkmarkBox-s7868418152.png","site-src/static/assets/vendor/editmysite/cdn11.editmysite.com/sprites/util/inputs/checkmarkBox-s7868418152.png","True"
"https://cdn11.editmysite.com/sprites/util/videojs/@2x-s2aff7e7d9a.png","/assets/vendor/editmysite/cdn11.editmysite.com/sprites/util/videojs/@2x-s2aff7e7d9a.png","site-src/static/assets/vendor/editmysite/cdn11.editmysite.com/sprites/util/videojs/@2x-s2aff7e7d9a.png","True"
"https://cdn11.editmysite.com/sprites/util/videojs-sacae758aa2.png","/assets/vendor/editmysite/cdn11.editmysite.com/sprites/util/videojs-sacae758aa2.png","site-src/static/assets/vendor/editmysite/cdn11.editmysite.com/sprites/util/videojs-sacae758aa2.png","True"
"https://cdn2.editmysite.com/fonts/EB_Garamond/font.css?2","/assets/vendor/editmysite/cdn2.editmysite.com/fonts/EB_Garamond/font.css","site-src/static/assets/vendor/editmysite/cdn2.editmysite.com/fonts/EB_Garamond/font.css","True"
"https://cdn2.editmysite.com/fonts/EB_Garamond/regular.eot","/assets/vendor/editmysite/cdn2.editmysite.com/fonts/EB_Garamond/regular.eot","site-src/static/assets/vendor/editmysite/cdn2.editmysite.com/fonts/EB_Garamond/regular.eot","True"
"https://cdn2.editmysite.com/fonts/EB_Garamond/regular.eot?#iefix","/assets/vendor/editmysite/cdn2.editmysite.com/fonts/EB_Garamond/regular.eot","site-src/static/assets/vendor/editmysite/cdn2.editmysite.com/fonts/EB_Garamond/regular.eot","True"
"https://cdn2.editmysite.com/fonts/EB_Garamond/regular.ttf","/assets/vendor/editmysite/cdn2.editmysite.com/fonts/EB_Garamond/regular.ttf","site-src/static/assets/vendor/editmysite/cdn2.editmysite.com/fonts/EB_Garamond/regular.ttf","True"
"https://cdn2.editmysite.com/fonts/EB_Garamond/regular.woff","/assets/vendor/editmysite/cdn2.editmysite.com/fonts/EB_Garamond/regular.woff","site-src/static/assets/vendor/editmysite/cdn2.editmysite.com/fonts/EB_Garamond/regular.woff","True"
"https://cdn2.editmysite.com/fonts/EB_Garamond/regular.woff2","/assets/vendor/editmysite/cdn2.editmysite.com/fonts/EB_Garamond/regular.woff2","site-src/static/assets/vendor/editmysite/cdn2.editmysite.com/fonts/EB_Garamond/regular.woff2","True"
"https://cdn2.editmysite.com/fonts/Gentium_Basic/font.css?2","/assets/vendor/editmysite/cdn2.editmysite.com/fonts/Gentium_Basic/font.css","site-src/static/assets/vendor/editmysite/cdn2.editmysite.com/fonts/Gentium_Basic/font.css","True"
"https://cdn2.editmysite.com/fonts/Gentium_Basic/regular.eot","/assets/vendor/editmysite/cdn2.editmysite.com/fonts/Gentium_Basic/regular.eot","site-src/static/assets/vendor/editmysite/cdn2.editmysite.com/fonts/Gentium_Basic/regular.eot","True"
"https://cdn2.editmysite.com/fonts/Gentium_Basic/regular.eot?","/assets/vendor/editmysite/cdn2.editmysite.com/fonts/Gentium_Basic/regular.eot","site-src/static/assets/vendor/editmysite/cdn2.editmysite.com/fonts/Gentium_Basic/regular.eot","True"
"https://cdn2.editmysite.com/fonts/Gentium_Basic/regular.ttf","/assets/vendor/editmysite/cdn2.editmysite.com/fonts/Gentium_Basic/regular.ttf","site-src/static/assets/vendor/editmysite/cdn2.editmysite.com/fonts/Gentium_Basic/regular.ttf","True"
"https://cdn2.editmysite.com/fonts/Lora/bold.eot","/assets/vendor/editmysite/cdn2.editmysite.com/fonts/Lora/bold.eot","site-src/static/assets/vendor/editmysite/cdn2.editmysite.com/fonts/Lora/bold.eot","True"
"https://cdn2.editmysite.com/fonts/Lora/bold.eot?#iefix","/assets/vendor/editmysite/cdn2.editmysite.com/fonts/Lora/bold.eot","site-src/static/assets/vendor/editmysite/cdn2.editmysite.com/fonts/Lora/bold.eot","True"
"https://cdn2.editmysite.com/fonts/Lora/bold.ttf","/assets/vendor/editmysite/cdn2.editmysite.com/fonts/Lora/bold.ttf","site-src/static/assets/vendor/editmysite/cdn2.editmysite.com/fonts/Lora/bold.ttf","True"
"https://cdn2.editmysite.com/fonts/Lora/bold.woff","/assets/vendor/editmysite/cdn2.editmysite.com/fonts/Lora/bold.woff","site-src/static/assets/vendor/editmysite/cdn2.editmysite.com/fonts/Lora/bold.woff","True"
"https://cdn2.editmysite.com/fonts/Lora/bold.woff2","/assets/vendor/editmysite/cdn2.editmysite.com/fonts/Lora/bold.woff2","site-src/static/assets/vendor/editmysite/cdn2.editmysite.com/fonts/Lora/bold.woff2","True"
"https://cdn2.editmysite.com/fonts/Lora/bolditalic.eot","/assets/vendor/editmysite/cdn2.editmysite.com/fonts/Lora/bolditalic.eot","site-src/static/assets/vendor/editmysite/cdn2.editmysite.com/fonts/Lora/bolditalic.eot","True"
"https://cdn2.editmysite.com/fonts/Lora/bolditalic.eot?#iefix","/assets/vendor/editmysite/cdn2.editmysite.com/fonts/Lora/bolditalic.eot","site-src/static/assets/vendor/editmysite/cdn2.editmysite.com/fonts/Lora/bolditalic.eot","True"
"https://cdn2.editmysite.com/fonts/Lora/bolditalic.ttf","/assets/vendor/editmysite/cdn2.editmysite.com/fonts/Lora/bolditalic.ttf","site-src/static/assets/vendor/editmysite/cdn2.editmysite.com/fonts/Lora/bolditalic.ttf","True"
"https://cdn2.editmysite.com/fonts/Lora/bolditalic.woff","/assets/vendor/editmysite/cdn2.editmysite.com/fonts/Lora/bolditalic.woff","site-src/static/assets/vendor/editmysite/cdn2.editmysite.com/fonts/Lora/bolditalic.woff","True"
"https://cdn2.editmysite.com/fonts/Lora/bolditalic.woff2","/assets/vendor/editmysite/cdn2.editmysite.com/fonts/Lora/bolditalic.woff2","site-src/static/assets/vendor/editmysite/cdn2.editmysite.com/fonts/Lora/bolditalic.woff2","True"
"https://cdn2.editmysite.com/fonts/Lora/font.css?2","/assets/vendor/editmysite/cdn2.editmysite.com/fonts/Lora/font.css","site-src/static/assets/vendor/editmysite/cdn2.editmysite.com/fonts/Lora/font.css","True"
"https://cdn2.editmysite.com/fonts/Lora/italic.eot","/assets/vendor/editmysite/cdn2.editmysite.com/fonts/Lora/italic.eot","site-src/static/assets/vendor/editmysite/cdn2.editmysite.com/fonts/Lora/italic.eot","True"
"https://cdn2.editmysite.com/fonts/Lora/italic.eot?#iefix","/assets/vendor/editmysite/cdn2.editmysite.com/fonts/Lora/italic.eot","site-src/static/assets/vendor/editmysite/cdn2.editmysite.com/fonts/Lora/italic.eot","True"
"https://cdn2.editmysite.com/fonts/Lora/italic.ttf","/assets/vendor/editmysite/cdn2.editmysite.com/fonts/Lora/italic.ttf","site-src/static/assets/vendor/editmysite/cdn2.editmysite.com/fonts/Lora/italic.ttf","True"
"https://cdn2.editmysite.com/fonts/Lora/italic.woff","/assets/vendor/editmysite/cdn2.editmysite.com/fonts/Lora/italic.woff","site-src/static/assets/vendor/editmysite/cdn2.editmysite.com/fonts/Lora/italic.woff","True"
"https://cdn2.editmysite.com/fonts/Lora/italic.woff2","/assets/vendor/editmysite/cdn2.editmysite.com/fonts/Lora/italic.woff2","site-src/static/assets/vendor/editmysite/cdn2.editmysite.com/fonts/Lora/italic.woff2","True"
"https://cdn2.editmysite.com/fonts/Lora/regular.eot","/assets/vendor/editmysite/cdn2.editmysite.com/fonts/Lora/regular.eot","site-src/static/assets/vendor/editmysite/cdn2.editmysite.com/fonts/Lora/regular.eot","True"
"https://cdn2.editmysite.com/fonts/Lora/regular.eot?#iefix","/assets/vendor/editmysite/cdn2.editmysite.com/fonts/Lora/regular.eot","site-src/static/assets/vendor/editmysite/cdn2.editmysite.com/fonts/Lora/regular.eot","True"
"https://cdn2.editmysite.com/fonts/Lora/regular.ttf","/assets/vendor/editmysite/cdn2.editmysite.com/fonts/Lora/regular.ttf","site-src/static/assets/vendor/editmysite/cdn2.editmysite.com/fonts/Lora/regular.ttf","True"
"https://cdn2.editmysite.com/fonts/Lora/regular.woff","/assets/vendor/editmysite/cdn2.editmysite.com/fonts/Lora/regular.woff","site-src/static/assets/vendor/editmysite/cdn2.editmysite.com/fonts/Lora/regular.woff","True"
"https://cdn2.editmysite.com/fonts/Lora/regular.woff2","/assets/vendor/editmysite/cdn2.editmysite.com/fonts/Lora/regular.woff2","site-src/static/assets/vendor/editmysite/cdn2.editmysite.com/fonts/Lora/regular.woff2","True"
"https://cdn2.editmysite.com/fonts/Montserrat/bold.eot","/assets/vendor/editmysite/cdn2.editmysite.com/fonts/Montserrat/bold.eot","site-src/static/assets/vendor/editmysite/cdn2.editmysite.com/fonts/Montserrat/bold.eot","True"
"https://cdn2.editmysite.com/fonts/Montserrat/bold.eot?#iefix","/assets/vendor/editmysite/cdn2.editmysite.com/fonts/Montserrat/bold.eot","site-src/static/assets/vendor/editmysite/cdn2.editmysite.com/fonts/Montserrat/bold.eot","True"
"https://cdn2.editmysite.com/fonts/Montserrat/bold.ttf","/assets/vendor/editmysite/cdn2.editmysite.com/fonts/Montserrat/bold.ttf","site-src/static/assets/vendor/editmysite/cdn2.editmysite.com/fonts/Montserrat/bold.ttf","True"
"https://cdn2.editmysite.com/fonts/Montserrat/bold.woff","/assets/vendor/editmysite/cdn2.editmysite.com/fonts/Montserrat/bold.woff","site-src/static/assets/vendor/editmysite/cdn2.editmysite.com/fonts/Montserrat/bold.woff","True"
"https://cdn2.editmysite.com/fonts/Montserrat/bold.woff2","/assets/vendor/editmysite/cdn2.editmysite.com/fonts/Montserrat/bold.woff2","site-src/static/assets/vendor/editmysite/cdn2.editmysite.com/fonts/Montserrat/bold.woff2","True"
"https://cdn2.editmysite.com/fonts/Montserrat/font.css?2","/assets/vendor/editmysite/cdn2.editmysite.com/fonts/Montserrat/font.css","site-src/static/assets/vendor/editmysite/cdn2.editmysite.com/fonts/Montserrat/font.css","True"
"https://cdn2.editmysite.com/fonts/Montserrat/regular.eot","/assets/vendor/editmysite/cdn2.editmysite.com/fonts/Montserrat/regular.eot","site-src/static/assets/vendor/editmysite/cdn2.editmysite.com/fonts/Montserrat/regular.eot","True"
"https://cdn2.editmysite.com/fonts/Montserrat/regular.eot?#iefix","/assets/vendor/editmysite/cdn2.editmysite.com/fonts/Montserrat/regular.eot","site-src/static/assets/vendor/editmysite/cdn2.editmysite.com/fonts/Montserrat/regular.eot","True"
"https://cdn2.editmysite.com/fonts/Montserrat/regular.ttf","/assets/vendor/editmysite/cdn2.editmysite.com/fonts/Montserrat/regular.ttf","site-src/static/assets/vendor/editmysite/cdn2.editmysite.com/fonts/Montserrat/regular.ttf","True"
"https://cdn2.editmysite.com/fonts/Montserrat/regular.woff","/assets/vendor/editmysite/cdn2.editmysite.com/fonts/Montserrat/regular.woff","site-src/static/assets/vendor/editmysite/cdn2.editmysite.com/fonts/Montserrat/regular.woff","True"
"https://cdn2.editmysite.com/fonts/Montserrat/regular.woff2","/assets/vendor/editmysite/cdn2.editmysite.com/fonts/Montserrat/regular.woff2","site-src/static/assets/vendor/editmysite/cdn2.editmysite.com/fonts/Montserrat/regular.woff2","True"
"https://cdn2.editmysite.com/fonts/Playfair_Display/bold.eot","/assets/vendor/editmysite/cdn2.editmysite.com/fonts/Playfair_Display/bold.eot","site-src/static/assets/vendor/editmysite/cdn2.editmysite.com/fonts/Playfair_Display/bold.eot","True"
"https://cdn2.editmysite.com/fonts/Playfair_Display/bold.eot?#iefix","/assets/vendor/editmysite/cdn2.editmysite.com/fonts/Playfair_Display/bold.eot","site-src/static/assets/vendor/editmysite/cdn2.editmysite.com/fonts/Playfair_Display/bold.eot","True"
"https://cdn2.editmysite.com/fonts/Playfair_Display/bold.ttf","/assets/vendor/editmysite/cdn2.editmysite.com/fonts/Playfair_Display/bold.ttf","site-src/static/assets/vendor/editmysite/cdn2.editmysite.com/fonts/Playfair_Display/bold.ttf","True"
"https://cdn2.editmysite.com/fonts/Playfair_Display/bold.woff","/assets/vendor/editmysite/cdn2.editmysite.com/fonts/Playfair_Display/bold.woff","site-src/static/assets/vendor/editmysite/cdn2.editmysite.com/fonts/Playfair_Display/bold.woff","True"
"https://cdn2.editmysite.com/fonts/Playfair_Display/bold.woff2","/assets/vendor/editmysite/cdn2.editmysite.com/fonts/Playfair_Display/bold.woff2","site-src/static/assets/vendor/editmysite/cdn2.editmysite.com/fonts/Playfair_Display/bold.woff2","True"
"https://cdn2.editmysite.com/fonts/Playfair_Display/bolditalic.eot","/assets/vendor/editmysite/cdn2.editmysite.com/fonts/Playfair_Display/bolditalic.eot","site-src/static/assets/vendor/editmysite/cdn2.editmysite.com/fonts/Playfair_Display/bolditalic.eot","True"
"https://cdn2.editmysite.com/fonts/Playfair_Display/bolditalic.eot?#iefix","/assets/vendor/editmysite/cdn2.editmysite.com/fonts/Playfair_Display/bolditalic.eot","site-src/static/assets/vendor/editmysite/cdn2.editmysite.com/fonts/Playfair_Display/bolditalic.eot","True"
"https://cdn2.editmysite.com/fonts/Playfair_Display/bolditalic.ttf","/assets/vendor/editmysite/cdn2.editmysite.com/fonts/Playfair_Display/bolditalic.ttf","site-src/static/assets/vendor/editmysite/cdn2.editmysite.com/fonts/Playfair_Display/bolditalic.ttf","True"
"https://cdn2.editmysite.com/fonts/Playfair_Display/bolditalic.woff","/assets/vendor/editmysite/cdn2.editmysite.com/fonts/Playfair_Display/bolditalic.woff","site-src/static/assets/vendor/editmysite/cdn2.editmysite.com/fonts/Playfair_Display/bolditalic.woff","True"
"https://cdn2.editmysite.com/fonts/Playfair_Display/bolditalic.woff2","/assets/vendor/editmysite/cdn2.editmysite.com/fonts/Playfair_Display/bolditalic.woff2","site-src/static/assets/vendor/editmysite/cdn2.editmysite.com/fonts/Playfair_Display/bolditalic.woff2","True"
"https://cdn2.editmysite.com/fonts/Playfair_Display/font.css?2","/assets/vendor/editmysite/cdn2.editmysite.com/fonts/Playfair_Display/font.css","site-src/static/assets/vendor/editmysite/cdn2.editmysite.com/fonts/Playfair_Display/font.css","True"
"https://cdn2.editmysite.com/fonts/Playfair_Display/italic.eot","/assets/vendor/editmysite/cdn2.editmysite.com/fonts/Playfair_Display/italic.eot","site-src/static/assets/vendor/editmysite/cdn2.editmysite.com/fonts/Playfair_Display/italic.eot","True"
"https://cdn2.editmysite.com/fonts/Playfair_Display/italic.eot?#iefix","/assets/vendor/editmysite/cdn2.editmysite.com/fonts/Playfair_Display/italic.eot","site-src/static/assets/vendor/editmysite/cdn2.editmysite.com/fonts/Playfair_Display/italic.eot","True"
"https://cdn2.editmysite.com/fonts/Playfair_Display/italic.ttf","/assets/vendor/editmysite/cdn2.editmysite.com/fonts/Playfair_Display/italic.ttf","site-src/static/assets/vendor/editmysite/cdn2.editmysite.com/fonts/Playfair_Display/italic.ttf","True"
"https://cdn2.editmysite.com/fonts/Playfair_Display/italic.woff","/assets/vendor/editmysite/cdn2.editmysite.com/fonts/Playfair_Display/italic.woff","site-src/static/assets/vendor/editmysite/cdn2.editmysite.com/fonts/Playfair_Display/italic.woff","True"
"https://cdn2.editmysite.com/fonts/Playfair_Display/italic.woff2","/assets/vendor/editmysite/cdn2.editmysite.com/fonts/Playfair_Display/italic.woff2","site-src/static/assets/vendor/editmysite/cdn2.editmysite.com/fonts/Playfair_Display/italic.woff2","True"
"https://cdn2.editmysite.com/fonts/Playfair_Display/regular.eot","/assets/vendor/editmysite/cdn2.editmysite.com/fonts/Playfair_Display/regular.eot","site-src/static/assets/vendor/editmysite/cdn2.editmysite.com/fonts/Playfair_Display/regular.eot","True"
"https://cdn2.editmysite.com/fonts/Playfair_Display/regular.eot?#iefix","/assets/vendor/editmysite/cdn2.editmysite.com/fonts/Playfair_Display/regular.eot","site-src/static/assets/vendor/editmysite/cdn2.editmysite.com/fonts/Playfair_Display/regular.eot","True"
"https://cdn2.editmysite.com/fonts/Playfair_Display/regular.ttf","/assets/vendor/editmysite/cdn2.editmysite.com/fonts/Playfair_Display/regular.ttf","site-src/static/assets/vendor/editmysite/cdn2.editmysite.com/fonts/Playfair_Display/regular.ttf","True"
"https://cdn2.editmysite.com/fonts/Playfair_Display/regular.woff","/assets/vendor/editmysite/cdn2.editmysite.com/fonts/Playfair_Display/regular.woff","site-src/static/assets/vendor/editmysite/cdn2.editmysite.com/fonts/Playfair_Display/regular.woff","True"
"https://cdn2.editmysite.com/fonts/Playfair_Display/regular.woff2","/assets/vendor/editmysite/cdn2.editmysite.com/fonts/Playfair_Display/regular.woff2","site-src/static/assets/vendor/editmysite/cdn2.editmysite.com/fonts/Playfair_Display/regular.woff2","True"
"https://cdn2.editmysite.com/fonts/Raleway/bold.eot","/assets/vendor/editmysite/cdn2.editmysite.com/fonts/Raleway/bold.eot","site-src/static/assets/vendor/editmysite/cdn2.editmysite.com/fonts/Raleway/bold.eot","True"
"https://cdn2.editmysite.com/fonts/Raleway/bold.eot?#iefix","/assets/vendor/editmysite/cdn2.editmysite.com/fonts/Raleway/bold.eot","site-src/static/assets/vendor/editmysite/cdn2.editmysite.com/fonts/Raleway/bold.eot","True"
"https://cdn2.editmysite.com/fonts/Raleway/bold.ttf","/assets/vendor/editmysite/cdn2.editmysite.com/fonts/Raleway/bold.ttf","site-src/static/assets/vendor/editmysite/cdn2.editmysite.com/fonts/Raleway/bold.ttf","True"
"https://cdn2.editmysite.com/fonts/Raleway/bold.woff","/assets/vendor/editmysite/cdn2.editmysite.com/fonts/Raleway/bold.woff","site-src/static/assets/vendor/editmysite/cdn2.editmysite.com/fonts/Raleway/bold.woff","True"
"https://cdn2.editmysite.com/fonts/Raleway/bold.woff2","/assets/vendor/editmysite/cdn2.editmysite.com/fonts/Raleway/bold.woff2","site-src/static/assets/vendor/editmysite/cdn2.editmysite.com/fonts/Raleway/bold.woff2","True"
"https://cdn2.editmysite.com/fonts/Raleway/font.css?2","/assets/vendor/editmysite/cdn2.editmysite.com/fonts/Raleway/font.css","site-src/static/assets/vendor/editmysite/cdn2.editmysite.com/fonts/Raleway/font.css","True"
"https://cdn2.editmysite.com/fonts/Raleway/light.eot","/assets/vendor/editmysite/cdn2.editmysite.com/fonts/Raleway/light.eot","site-src/static/assets/vendor/editmysite/cdn2.editmysite.com/fonts/Raleway/light.eot","True"
"https://cdn2.editmysite.com/fonts/Raleway/light.eot?#iefix","/assets/vendor/editmysite/cdn2.editmysite.com/fonts/Raleway/light.eot","site-src/static/assets/vendor/editmysite/cdn2.editmysite.com/fonts/Raleway/light.eot","True"
"https://cdn2.editmysite.com/fonts/Raleway/light.ttf","/assets/vendor/editmysite/cdn2.editmysite.com/fonts/Raleway/light.ttf","site-src/static/assets/vendor/editmysite/cdn2.editmysite.com/fonts/Raleway/light.ttf","True"
"https://cdn2.editmysite.com/fonts/Raleway/light.woff","/assets/vendor/editmysite/cdn2.editmysite.com/fonts/Raleway/light.woff","site-src/static/assets/vendor/editmysite/cdn2.editmysite.com/fonts/Raleway/light.woff","True"
"https://cdn2.editmysite.com/fonts/Raleway/light.woff2","/assets/vendor/editmysite/cdn2.editmysite.com/fonts/Raleway/light.woff2","site-src/static/assets/vendor/editmysite/cdn2.editmysite.com/fonts/Raleway/light.woff2","True"
"https://cdn2.editmysite.com/fonts/Raleway/medium.eot","/assets/vendor/editmysite/cdn2.editmysite.com/fonts/Raleway/medium.eot","site-src/static/assets/vendor/editmysite/cdn2.editmysite.com/fonts/Raleway/medium.eot","True"
"https://cdn2.editmysite.com/fonts/Raleway/medium.eot?#iefix","/assets/vendor/editmysite/cdn2.editmysite.com/fonts/Raleway/medium.eot","site-src/static/assets/vendor/editmysite/cdn2.editmysite.com/fonts/Raleway/medium.eot","True"
"https://cdn2.editmysite.com/fonts/Raleway/medium.ttf","/assets/vendor/editmysite/cdn2.editmysite.com/fonts/Raleway/medium.ttf","site-src/static/assets/vendor/editmysite/cdn2.editmysite.com/fonts/Raleway/medium.ttf","True"
"https://cdn2.editmysite.com/fonts/Raleway/medium.woff","/assets/vendor/editmysite/cdn2.editmysite.com/fonts/Raleway/medium.woff","site-src/static/assets/vendor/editmysite/cdn2.editmysite.com/fonts/Raleway/medium.woff","True"
"https://cdn2.editmysite.com/fonts/Raleway/medium.woff2","/assets/vendor/editmysite/cdn2.editmysite.com/fonts/Raleway/medium.woff2","site-src/static/assets/vendor/editmysite/cdn2.editmysite.com/fonts/Raleway/medium.woff2","True"
"https://cdn2.editmysite.com/fonts/Raleway/regular.eot","/assets/vendor/editmysite/cdn2.editmysite.com/fonts/Raleway/regular.eot","site-src/static/assets/vendor/editmysite/cdn2.editmysite.com/fonts/Raleway/regular.eot","True"
"https://cdn2.editmysite.com/fonts/Raleway/regular.eot?#iefix","/assets/vendor/editmysite/cdn2.editmysite.com/fonts/Raleway/regular.eot","site-src/static/assets/vendor/editmysite/cdn2.editmysite.com/fonts/Raleway/regular.eot","True"
"https://cdn2.editmysite.com/fonts/Raleway/regular.ttf","/assets/vendor/editmysite/cdn2.editmysite.com/fonts/Raleway/regular.ttf","site-src/static/assets/vendor/editmysite/cdn2.editmysite.com/fonts/Raleway/regular.ttf","True"
"https://cdn2.editmysite.com/fonts/Raleway/regular.woff","/assets/vendor/editmysite/cdn2.editmysite.com/fonts/Raleway/regular.woff","site-src/static/assets/vendor/editmysite/cdn2.editmysite.com/fonts/Raleway/regular.woff","True"
"https://cdn2.editmysite.com/fonts/Raleway/regular.woff2","/assets/vendor/editmysite/cdn2.editmysite.com/fonts/Raleway/regular.woff2","site-src/static/assets/vendor/editmysite/cdn2.editmysite.com/fonts/Raleway/regular.woff2","True"
"https://cdn2.editmysite.com/fonts/Raleway/semibold.eot","/assets/vendor/editmysite/cdn2.editmysite.com/fonts/Raleway/semibold.eot","site-src/static/assets/vendor/editmysite/cdn2.editmysite.com/fonts/Raleway/semibold.eot","True"
"https://cdn2.editmysite.com/fonts/Raleway/semibold.eot?#iefix","/assets/vendor/editmysite/cdn2.editmysite.com/fonts/Raleway/semibold.eot","site-src/static/assets/vendor/editmysite/cdn2.editmysite.com/fonts/Raleway/semibold.eot","True"
"https://cdn2.editmysite.com/fonts/Raleway/semibold.ttf","/assets/vendor/editmysite/cdn2.editmysite.com/fonts/Raleway/semibold.ttf","site-src/static/assets/vendor/editmysite/cdn2.editmysite.com/fonts/Raleway/semibold.ttf","True"
"https://cdn2.editmysite.com/fonts/Raleway/semibold.woff","/assets/vendor/editmysite/cdn2.editmysite.com/fonts/Raleway/semibold.woff","site-src/static/assets/vendor/editmysite/cdn2.editmysite.com/fonts/Raleway/semibold.woff","True"
"https://cdn2.editmysite.com/fonts/Raleway/semibold.woff2","/assets/vendor/editmysite/cdn2.editmysite.com/fonts/Raleway/semibold.woff2","site-src/static/assets/vendor/editmysite/cdn2.editmysite.com/fonts/Raleway/semibold.woff2","True"
"https://cdn2.editmysite.com/fonts/Raleway/ultralight.eot","/assets/vendor/editmysite/cdn2.editmysite.com/fonts/Raleway/ultralight.eot","site-src/static/assets/vendor/editmysite/cdn2.editmysite.com/fonts/Raleway/ultralight.eot","True"
"https://cdn2.editmysite.com/fonts/Raleway/ultralight.eot?#iefix","/assets/vendor/editmysite/cdn2.editmysite.com/fonts/Raleway/ultralight.eot","site-src/static/assets/vendor/editmysite/cdn2.editmysite.com/fonts/Raleway/ultralight.eot","True"
"https://cdn2.editmysite.com/fonts/Raleway/ultralight.ttf","/assets/vendor/editmysite/cdn2.editmysite.com/fonts/Raleway/ultralight.ttf","site-src/static/assets/vendor/editmysite/cdn2.editmysite.com/fonts/Raleway/ultralight.ttf","True"
"https://cdn2.editmysite.com/fonts/Raleway/ultralight.woff","/assets/vendor/editmysite/cdn2.editmysite.com/fonts/Raleway/ultralight.woff","site-src/static/assets/vendor/editmysite/cdn2.editmysite.com/fonts/Raleway/ultralight.woff","True"
"https://cdn2.editmysite.com/fonts/Raleway/ultralight.woff2","/assets/vendor/editmysite/cdn2.editmysite.com/fonts/Raleway/ultralight.woff2","site-src/static/assets/vendor/editmysite/cdn2.editmysite.com/fonts/Raleway/ultralight.woff2","True"
"https://cdn2.editmysite.com/js/lang/en/stl.js?buildTime=1234&","/assets/vendor/editmysite/cdn2.editmysite.com/js/lang/en/stl.js","site-src/static/assets/vendor/editmysite/cdn2.editmysite.com/js/lang/en/stl.js","True"
